time,FLOW
2013-05-16,0.0152
2013-05-17,0.0141
2013-05-18,0.017
2013-05-19,0.0186
2013-05-20,0.0413
2013-05-21,0.0278
2013-05-22,0.0207
2013-05-23,0.0195
2013-05-24,0.0194
2013-05-25,0.0164
2013-05-26,0.0151
2013-05-27,0.0142
2013-05-28,0.0141
2013-05-29,0.014
2013-05-30,0.0132
2013-05-31,0.0142
2013-06-01,0.0136
2013-06-02,0.0169
2013-06-03,0.0159
2013-06-04,0.0136
2013-06-05,0.0123
2013-06-06,0.0486
2013-06-07,0.0498
2013-06-08,0.0358
2013-06-09,0.0251
2013-06-10,0.0272
2013-06-11,0.0292
2013-06-12,0.0239
2013-06-13,0.0221
2013-06-14,0.0189
2013-06-15,0.0162
2013-06-16,0.015
2013-06-17,0.0152
2013-06-18,0.0171
2013-06-19,0.0155
2013-06-20,0.0138
2013-06-21,0.0129
2013-06-22,0.0126
2013-06-23,0.0123
2013-06-24,0.0118
2013-06-25,0.0115
2013-06-26,0.0149
2013-06-27,0.0132
2013-06-28,0.0122
2013-06-29,0.0107
2013-06-30,0.0119
2013-07-01,0.0109
2013-07-02,0.0296
2013-07-03,0.0788
2013-07-04,0.0965
2013-07-05,0.0649
2013-07-06,0.0394
2013-07-07,0.0304
2013-07-08,0.0275
2013-07-09,0.0228
2013-07-10,0.0555
2013-07-11,0.0909
2013-07-12,0.0593
2013-07-13,0.0427
2013-07-14,0.0448
2013-07-15,0.0358
2013-07-16,0.0301
2013-07-17,0.0269
2013-07-18,0.0251
2013-07-19,0.0236
2013-07-20,0.0224
2013-07-21,0.0219
2013-07-22,0.0212
2013-07-23,0.0201
2013-07-24,0.0187
2013-07-25,0.0173
2013-07-26,0.0164
2013-07-27,0.0175
2013-07-28,0.0173
2013-07-29,0.0156
2013-07-30,0.0143
2013-07-31,0.0136
2013-08-01,0.0151
2013-08-02,0.0137
2013-08-03,0.0128
2013-08-04,0.0126
2013-08-05,0.0113
2013-08-06,0.0118
2013-08-07,0.0124
2013-08-08,0.0193
2013-08-09,0.0186
2013-08-10,0.0138
2013-08-11,0.0135
2013-08-12,0.0152
2013-08-13,0.0131
2013-08-14,0.0119
2013-08-15,0.0103
2013-08-16,0.0101
2013-08-17,0.0101
2013-08-18,0.0192
2013-08-19,0.0146
2013-08-20,0.0125
2013-08-21,0.0112
2013-08-22,0.0114
2013-08-23,0.0102
2013-08-24,0.0098
2013-08-25,0.0089
2013-08-26,0.0086
2013-08-27,0.0089
2013-08-28,0.0094
2013-08-29,0.0093
2013-08-30,0.0082
2013-08-31,0.0088
2013-09-01,0.0087
2013-09-02,0.0084
2013-09-03,0.0078
2013-09-04,0.007
2013-09-05,0.0069
2013-09-06,0.0063
2013-09-07,0.0062
2013-09-08,0.0065
2013-09-09,0.0063
2013-09-10,0.01
2013-09-11,0.0235
2013-09-12,0.0226
2013-09-13,0.0211
2013-09-14,0.0208
2013-09-15,0.0204
2013-09-16,0.0206
2013-09-17,0.0204
2013-09-18,0.0198
2013-09-19,0.0198
2013-09-20,0.0214
2013-09-21,0.0236
2013-09-22,0.0235
2013-09-23,0.021
2013-09-24,0.02
2013-09-25,0.02
2013-09-26,0.0202
2013-09-27,0.0199
2013-09-28,0.019
2013-09-29,0.0193
2013-09-30,0.0187
2013-10-01,0.0185
2013-10-02,0.0185
2013-10-03,0.0181
2013-10-04,0.0179
2013-10-05,0.018
2013-10-06,0.0171
2013-10-07,0.0285
2013-10-08,0.0203
2013-10-09,0.0184
2013-10-10,0.0206
2013-10-11,0.0197
2013-10-12,0.0192
2013-10-13,0.0186
2013-10-14,0.0189
2013-10-15,0.0179
2013-10-16,0.0175
2013-10-17,0.0172
2013-10-18,0.0179
2013-10-19,0.0167
2013-10-20,0.0171
2013-10-21,0.0167
2013-10-22,0.0163
2013-10-23,0.0176
2013-10-24,0.0178
2013-10-25,0.0179
2013-10-26,0.0172
2013-10-27,0.017
2013-10-28,0.0174
2013-10-29,0.0169
2013-10-30,0.0166
2013-10-31,0.016
2013-11-01,0.0172
2013-11-02,0.0181
2013-11-03,0.0193
2013-11-04,0.019
2013-11-05,0.0185
2013-11-06,0.0177
2013-11-07,0.0189
2013-11-08,0.0203
2013-11-09,0.0199
2013-11-10,0.0196
2013-11-11,0.0201
2013-11-12,0.0205
2013-11-13,0.0218
2013-11-14,0.0203
2013-11-15,0.02
2013-11-16,0.0234
2013-11-17,0.0198
2013-11-18,0.0221
2013-11-19,0.0225
2013-11-20,0.0214
2013-11-21,0.0204
2013-11-22,0.0194
2013-11-23,0.0212
2013-11-24,0.0231
2013-11-25,0.0219
2013-11-26,0.0279
2013-11-27,0.0474
2013-11-28,0.0268
2013-11-29,0.0215
2013-11-30,0.0193
2013-12-01,0.0189
2013-12-02,0.0182
2013-12-03,0.0183
2013-12-04,0.0176
2013-12-05,0.0169
2013-12-06,0.0191
2013-12-07,0.0331
2013-12-08,0.0249
2013-12-09,0.0252
2013-12-10,0.0302
2013-12-11,0.028
2013-12-12,0.0242
2013-12-13,0.0218
2013-12-14,0.0209
2013-12-15,0.022
2013-12-16,0.0209
2013-12-17,0.0196
2013-12-18,0.0208
2013-12-19,0.0192
2013-12-20,0.0184
2013-12-21,0.0184
2013-12-22,0.0189
2013-12-23,0.0408
2013-12-24,0.0343
2013-12-25,0.0271
2013-12-26,0.0234
2013-12-27,0.0218
2013-12-28,0.0206
2013-12-29,0.034
2013-12-30,0.0344
2013-12-31,0.0279
2014-01-01,0.0247
2014-01-02,0.0224
2014-01-03,0.0264
2014-01-04,0.023
2014-01-05,0.0215
2014-01-06,0.0227
2014-01-07,0.0409
2014-01-08,0.0346
2014-01-09,0.0214
2014-01-10,0.0215
2014-01-11,0.0303
2014-01-12,0.0365
2014-01-13,0.029
2014-01-14,0.0262
2014-01-15,0.0257
2014-01-16,0.0249
2014-01-17,0.0237
2014-01-18,0.0243
2014-01-19,0.0231
2014-01-20,0.0222
2014-01-21,0.0217
2014-01-22,0.0262
2014-01-23,0.0263
2014-01-24,0.0495
2014-01-25,0.0435
2014-01-26,0.0226
2014-01-27,0.0218
2014-01-28,0.0249
2014-01-29,0.025
2014-01-30,0.03
2014-01-31,0.0213
2014-02-01,0.02
2014-02-02,0.0195
2014-02-03,0.0402
2014-02-04,0.0347
2014-02-05,0.0281
2014-02-06,0.0273
2014-02-07,0.0248
2014-02-08,0.0238
2014-02-09,0.0231
2014-02-10,0.023
2014-02-11,0.0229
2014-02-12,0.0249
2014-02-13,0.0794
2014-02-14,0.0317
2014-02-15,0.0241
2014-02-16,0.0233
2014-02-17,0.0217
2014-02-18,0.0218
2014-02-19,0.0269
2014-02-20,0.032
2014-02-21,0.0465
2014-02-22,0.0432
2014-02-23,0.0331
2014-02-24,0.0292
2014-02-25,0.027
2014-02-26,0.0265
2014-02-27,0.0264
2014-02-28,0.0251
2014-03-01,0.0238
2014-03-02,0.0235
2014-03-03,0.0348
2014-03-04,0.0327
2014-03-05,0.0288
2014-03-06,0.0267
2014-03-07,0.0269
2014-03-08,0.021
2014-03-09,0.013
2014-03-10,0.0125
2014-03-11,0.0124
2014-03-12,0.0123
2014-03-13,0.0133
2014-03-14,0.0113
2014-03-15,0.0105
2014-03-16,0.011
2014-03-17,0.0123
2014-03-18,0.012
2014-03-19,0.0128
2014-03-20,0.0148
2014-03-21,0.0169
2014-03-22,0.019
2014-03-23,0.0211
2014-03-24,0.0231
2014-03-25,0.0252
2014-03-26,0.0273
2014-03-27,0.0293
2014-03-28,0.0314
2014-03-29,0.0335
2014-03-30,0.0356
2014-03-31,0.0376
2014-04-01,0.0397
2014-04-02,0.0418
2014-04-03,0.0439
2014-04-04,0.0459
2014-04-05,0.048
2014-04-06,0.0501
2014-04-07,0.0521
2014-04-08,0.0542
2014-04-09,0.0563
2014-04-10,0.0584
2014-04-11,0.0604
2014-04-12,0.0625
2014-04-13,0.0646
2014-04-14,0.0666
2014-04-15,0.0687
2014-04-16,0.0708
2014-04-17,0.0729
2014-04-18,0.0749
2014-04-19,0.077
2014-04-20,0.0791
2014-04-21,0.0812
2014-04-22,0.0832
2014-04-23,0.0853
2014-04-24,0.0874
2014-04-25,0.0894
2014-04-26,0.0915
2014-04-27,0.0936
2014-04-28,0.0957
2014-04-29,0.0977
2014-04-30,0.0986
2014-05-01,0.1001
2014-05-02,0.0949
2014-05-03,0.0938
2014-05-04,0.0936
2014-05-05,0.0926
2014-05-06,0.0939
2014-05-07,0.0955
2014-05-08,0.0964
2014-05-09,0.0962
2014-05-10,0.0954
2014-05-11,0.0948
2014-05-12,0.0947
2014-05-13,0.0958
2014-05-14,0.0943
2014-05-15,0.1004
2014-05-16,0.1148
2014-05-17,0.1002
2014-05-18,0.0972
2014-05-19,0.0961
2014-05-20,0.0958
2014-05-21,0.0965
2014-05-22,0.0961
2014-05-23,0.0947
2014-05-24,0.094
2014-05-25,0.094
2014-05-26,0.0952
2014-05-27,0.0978
2014-05-28,0.1
2014-05-29,0.0986
2014-05-30,0.0994
2014-05-31,0.0997
2014-06-01,0.0981
2014-06-02,0.0993
2014-06-03,0.0999
2014-06-04,0.1005
2014-06-05,0.1033
2014-06-06,0.0993
2014-06-07,0.0976
2014-06-08,0.0971
2014-06-09,0.097
2014-06-10,0.0967
2014-06-11,0.0986
2014-06-12,0.1031
2014-06-13,0.0978
2014-06-14,0.0975
2014-06-15,0.0951
2014-06-16,0.0958
2014-06-17,0.0966
2014-06-18,0.097
2014-06-19,0.0968
2014-06-20,0.0971
2014-06-21,0.0969
2014-06-22,0.0938
2014-06-23,0.0918
2014-06-24,0.0935
2014-06-25,0.0965
2014-06-26,0.0962
2014-06-27,0.0962
2014-06-28,0.0963
2014-06-29,0.0969
2014-06-30,0.0965
2014-07-01,0.0967
2014-07-02,0.0976
2014-07-03,0.1094
2014-07-04,0.1042
2014-07-05,0.0983
2014-07-06,0.0969
2014-07-07,0.097
2014-07-08,0.097
2014-07-09,0.0978
2014-07-10,0.0969
2014-07-11,0.0982
2014-07-12,0.0962
2014-07-13,0.0958
2014-07-14,0.0961
2014-07-15,0.0961
2014-07-16,0.0945
2014-07-17,0.0944
2014-07-18,0.0929
2014-07-19,0.0927
2014-07-20,0.0934
2014-07-21,0.0939
2014-07-22,0.0915
2014-07-23,0.0878
2014-07-24,0.0929
2014-07-25,0.0988
2014-07-26,0.0894
2014-07-27,0.0883
2014-07-28,0.0881
2014-07-29,0.0869
2014-07-30,0.0874
2014-07-31,0.0874
2014-08-01,0.0883
2014-08-02,0.0883
2014-08-03,0.0884
2014-08-04,0.0872
2014-08-05,0.087
2014-08-06,0.0871
2014-08-07,0.0867
2014-08-08,0.0865
2014-08-09,0.0979
2014-08-10,0.0933
2014-08-11,0.0941
2014-08-12,0.1218
2014-08-13,0.1008
2014-08-14,0.0923
2014-08-15,0.0909
2014-08-16,0.0904
2014-08-17,0.0907
2014-08-18,0.0911
2014-08-19,0.0908
2014-08-20,0.088
2014-08-21,0.0877
2014-08-22,0.0842
2014-08-23,0.0732
2014-08-24,0.1047
2014-08-25,0.093
2014-08-26,0.0883
2014-08-27,0.0853
2014-08-28,0.0801
2014-08-29,0.055
2014-08-30,0.0507
2014-08-31,0.0483
2014-09-01,0.0456
2014-09-02,0.0443
2014-09-03,0.0467
2014-09-04,0.0458
2014-09-05,0.0481
2014-09-06,0.0462
2014-09-07,0.0479
2014-09-08,0.046
2014-09-09,0.0453
2014-09-10,0.0443
2014-09-11,0.0439
2014-09-12,0.0444
2014-09-13,0.0451
2014-09-14,0.0422
2014-09-15,0.0416
2014-09-16,0.0406
2014-09-17,0.0393
2014-09-18,0.0364
2014-09-19,0.0344
2014-09-20,0.0343
2014-09-21,0.0319
2014-09-22,0.0288
2014-09-23,0.0271
2014-09-24,0.0267
2014-09-25,0.0262
2014-09-26,0.0252
2014-09-27,0.025
2014-09-28,0.024
2014-09-29,0.0236
2014-09-30,0.0242
2014-10-01,0.0233
2014-10-02,0.0228
2014-10-03,0.0227
2014-10-04,0.0234
2014-10-05,0.0217
2014-10-06,0.0211
2014-10-07,0.0221
2014-10-08,0.0298
2014-10-09,0.0259
2014-10-10,0.0246
2014-10-11,0.025
2014-10-12,0.0297
2014-10-13,0.0317
2014-10-14,0.0338
2014-10-15,0.0522
2014-10-16,0.0449
2014-10-17,0.0398
2014-10-18,0.0379
2014-10-19,0.0369
2014-10-20,0.0359
2014-10-21,0.032
2014-10-22,0.0306
2014-10-23,0.0284
2014-10-24,0.021
2014-10-25,0.0205
2014-10-26,0.0176
2014-10-27,0.0092
2014-10-28,0.0084
2014-10-29,0.0068
2014-10-30,0.0059
2014-10-31,0.006
2014-11-01,0.0095
2014-11-02,0.0065
2014-11-03,0.0053
2014-11-04,0.005
2014-11-05,0.0047
2014-11-06,0.005
2014-11-07,0.005
2014-11-08,0.0054
2014-11-09,0.0054
2014-11-10,0.0056
2014-11-11,0.0054
2014-11-12,0.0054
2014-11-13,0.0048
2014-11-14,0.0056
2014-11-15,0.0056
2014-11-16,0.0052
2014-11-17,0.0085
2014-11-18,0.0079
2014-11-19,0.0066
2014-11-20,0.0061
2014-11-21,0.0061
2014-11-22,0.0065
2014-11-23,0.0064
2014-11-24,0.0138
2014-11-25,0.0082
2014-11-26,0.0193
2014-11-27,0.0165
2014-11-28,0.0119
2014-11-29,0.0095
2014-11-30,0.008
2014-12-01,0.0073
2014-12-02,0.0123
2014-12-03,0.0118
2014-12-04,0.0108
2014-12-05,0.011
2014-12-06,0.0111
2014-12-07,0.0119
2014-12-08,0.0113
2014-12-09,0.012
2014-12-10,0.0117
2014-12-11,0.0121
2014-12-12,0.0117
2014-12-13,0.0112
2014-12-14,0.0125
2014-12-15,0.0111
2014-12-16,0.0109
2014-12-17,0.0123
2014-12-18,0.0138
2014-12-19,0.0152
2014-12-20,0.0151
2014-12-21,0.0145
2014-12-22,0.0153
2014-12-23,0.0162
2014-12-24,0.0213
2014-12-25,0.0227
2014-12-26,0.0212
2014-12-27,0.0205
2014-12-28,0.0195
2014-12-29,0.0209
2014-12-30,0.0224
2014-12-31,0.086
2015-01-01,0.0906
2015-01-02,0.0891
2015-01-03,0.0893
2015-01-04,0.0893
2015-01-05,0.0898
2015-01-06,0.0883
2015-01-07,0.0895
2015-01-08,0.0917
2015-01-09,0.0866
2015-01-10,0.0867
2015-01-11,0.0859
2015-01-12,0.0854
2015-01-13,0.085
2015-01-14,0.0856
2015-01-15,0.0854
2015-01-16,0.0845
2015-01-17,0.084
2015-01-18,0.0832
2015-01-19,0.082
2015-01-20,0.0834
2015-01-21,0.0821
2015-01-22,0.0827
2015-01-23,0.0835
2015-01-24,0.0862
2015-01-25,0.0838
2015-01-26,0.0832
2015-01-27,0.0855
2015-01-28,0.0828
2015-01-29,0.0702
2015-01-30,0.0543
2015-01-31,0.0536
2015-02-01,0.044
2015-02-02,0.0442
2015-02-03,0.047
2015-02-04,0.0403
2015-02-05,0.0398
2015-02-06,0.0392
2015-02-07,0.0324
2015-02-08,0.0313
2015-02-09,0.0305
2015-02-10,0.0317
2015-02-11,0.0315
2015-02-12,0.0305
2015-02-13,0.0336
2015-02-14,0.0304
2015-02-15,0.0424
2015-02-16,0.0353
2015-02-17,0.0457
2015-02-18,0.0328
2015-02-19,0.0347
2015-02-20,0.0313
2015-02-21,0.033
2015-02-22,0.0382
2015-02-23,0.0375
2015-02-24,0.0359
2015-02-25,0.034
2015-02-26,0.0335
2015-02-27,0.0332
2015-02-28,0.0334
2015-03-01,0.0323
2015-03-02,0.0346
2015-03-03,0.0359
2015-03-04,0.0404
2015-03-05,0.0774
2015-03-06,0.1014
2015-03-07,0.0933
2015-03-08,0.0889
2015-03-09,0.0885
2015-03-10,0.0869
2015-03-11,0.0856
2015-03-12,0.0833
2015-03-13,0.0788
2015-03-14,0.0843
2015-03-15,0.086
2015-03-16,0.0815
2015-03-17,0.0789
2015-03-18,0.074
2015-03-19,0.0644
2015-03-20,0.0746
2015-03-21,0.0714
2015-03-22,0.0652
2015-03-23,0.0586
2015-03-24,0.0557
2015-03-25,0.0536
2015-03-26,0.053
2015-03-27,0.09
2015-03-28,0.0941
2015-03-29,0.0864
2015-03-30,0.0817
2015-03-31,0.0783
2015-04-01,0.0705
2015-04-02,0.0634
2015-04-03,0.0606
2015-04-04,0.0601
2015-04-05,0.0526
2015-04-06,0.0463
2015-04-07,0.0508
2015-04-08,0.0528
2015-04-09,0.0635
2015-04-10,0.065
2015-04-11,0.0602
2015-04-12,0.0549
2015-04-13,0.0539
2015-04-14,0.0586
2015-04-15,0.074
2015-04-16,0.0727
2015-04-17,0.0745
2015-04-18,0.0715
2015-04-19,0.0698
2015-04-20,0.1288
2015-04-21,0.0999
2015-04-22,0.0935
2015-04-23,0.0907
2015-04-24,0.0893
2015-04-25,0.0887
2015-04-26,0.09
2015-04-27,0.0891
2015-04-28,0.0874
2015-04-29,0.0857
2015-04-30,0.0844
2015-05-01,0.0879
2015-05-02,0.0858
2015-05-03,0.0832
2015-05-04,0.0812
2015-05-05,0.0797
2015-05-06,0.0762
2015-05-07,0.0728
2015-05-08,0.0703
2015-05-09,0.0662
2015-05-10,0.0624
2015-05-11,0.0607
2015-05-12,0.058
2015-05-13,0.053
2015-05-14,0.0491
2015-05-15,0.0472
2015-05-16,0.0475
2015-05-17,0.0463
2015-05-18,0.0489
2015-05-19,0.0535
2015-05-20,0.0487
2015-05-21,0.0459
2015-05-22,0.0457
2015-05-23,0.0425
2015-05-24,0.041
2015-05-25,0.0391
2015-05-26,0.0377
2015-05-27,0.037
2015-05-28,0.0355
2015-05-29,0.0341
2015-05-30,0.0331
2015-05-31,0.0325
2015-06-01,0.0364
2015-06-02,0.0418
2015-06-03,0.0625
2015-06-04,0.0618
2015-06-05,0.0603
2015-06-06,0.0559
2015-06-07,0.05
2015-06-08,0.0549
2015-06-09,0.0719
2015-06-10,0.0634
2015-06-11,0.0575
2015-06-12,0.0519
2015-06-13,0.0493
2015-06-14,0.0478
2015-06-15,0.0457
2015-06-16,0.0426
2015-06-17,0.0412
2015-06-18,0.0543
2015-06-19,0.053
2015-06-20,0.048
2015-06-21,0.0459
2015-06-22,0.0419
2015-06-23,0.0389
2015-06-24,0.0339
2015-06-25,0.0296
2015-06-26,0.0293
2015-06-27,0.0342
2015-06-28,0.0335
2015-06-29,0.0286
2015-06-30,0.027
2015-07-01,0.0281
2015-07-02,0.0264
2015-07-03,0.026
2015-07-04,0.0278
2015-07-05,0.0261
2015-07-06,0.0449
2015-07-07,0.0449
2015-07-08,0.0409
2015-07-09,0.04
2015-07-10,0.0341
2015-07-11,0.0315
2015-07-12,0.0287
2015-07-13,0.0647
2015-07-14,0.0727
2015-07-15,0.0597
2015-07-16,0.049
2015-07-17,0.0431
2015-07-18,0.0422
2015-07-19,0.042
2015-07-20,0.0391
2015-07-21,0.0343
2015-07-22,0.0294
2015-07-23,0.026
2015-07-24,0.0245
2015-07-25,0.0232
2015-07-26,0.0219
2015-07-27,0.0207
2015-07-28,0.0215
2015-07-29,0.0296
2015-07-30,0.0248
2015-07-31,0.0228
2015-08-01,0.0203
2015-08-02,0.0183
2015-08-03,0.0168
2015-08-04,0.0155
2015-08-05,0.0147
2015-08-06,0.0135
2015-08-07,0.0135
2015-08-08,0.0131
2015-08-09,0.0122
2015-08-10,0.0113
2015-08-11,0.0277
2015-08-12,0.0233
2015-08-13,0.0217
2015-08-14,0.0205
2015-08-15,0.0193
2015-08-16,0.0185
2015-08-17,0.0174
2015-08-18,0.0161
2015-08-19,0.0164
2015-08-20,0.0159
2015-08-21,0.0147
2015-08-22,0.0131
2015-08-23,0.0123
2015-08-24,0.0117
2015-08-25,0.0099
2015-08-26,0.0109
2015-08-27,0.0119
2015-08-28,0.0112
2015-08-29,0.0105
2015-08-30,0.0099
2015-08-31,0.0097
2015-09-01,0.0094
2015-09-02,0.0089
2015-09-03,0.0082
2015-09-04,0.0121
2015-09-05,0.0166
2015-09-06,0.0158
2015-09-07,0.0146
2015-09-08,0.0138
2015-09-09,0.013
2015-09-10,0.0124
2015-09-11,0.012
2015-09-12,0.0107
2015-09-13,0.0096
2015-09-14,0.0076
2015-09-15,0.0063
2015-09-16,0.0056
2015-09-17,0.0053
2015-09-18,0.0048
2015-09-19,0.0044
2015-09-20,0.0039
2015-09-21,0.0144
2015-09-22,0.0253
2015-09-23,0.0218
2015-09-24,0.0202
2015-09-25,0.0187
2015-09-26,0.0311
2015-09-27,0.0602
2015-09-28,0.0673
2015-09-29,0.1175
2015-09-30,0.0989
2015-10-01,0.0805
2015-10-02,0.0836
2015-10-03,0.1055
2015-10-04,0.0965
2015-10-05,0.0853
2015-10-06,0.078
2015-10-07,0.0767
2015-10-08,0.0759
2015-10-09,0.0753
2015-10-10,0.0761
2015-10-11,0.0758
2015-10-12,0.076
2015-10-13,0.0756
2015-10-14,0.0748
2015-10-15,0.0782
2015-10-16,0.0796
2015-10-17,0.0798
2015-10-18,0.0803
2015-10-19,0.0783
2015-10-20,0.0759
2015-10-21,0.0694
2015-10-22,0.0622
2015-10-23,0.0545
2015-10-24,0.0446
2015-10-25,0.0404
2015-10-26,0.0364
2015-10-27,0.0374
2015-10-28,0.0963
2015-10-29,0.0897
2015-10-30,0.0779
2015-10-31,0.0777
2015-11-01,0.0803
2015-11-02,0.0761
2015-11-03,0.0756
2015-11-04,0.0696
2015-11-05,0.0675
2015-11-06,0.0648
2015-11-07,0.0589
2015-11-08,0.0539
2015-11-09,0.0541
2015-11-10,0.0826
2015-11-11,0.078
2015-11-12,0.0748
2015-11-13,0.069
2015-11-14,0.064
2015-11-15,0.0579
2015-11-16,0.0526
2015-11-17,0.0484
2015-11-18,0.049
2015-11-19,0.0876
2015-11-20,0.0899
2015-11-21,0.0865
2015-11-22,0.0815
2015-11-23,0.0777
2015-11-24,0.0734
2015-11-25,0.0709
2015-11-26,0.0635
2015-11-27,0.0596
2015-11-28,0.0564
2015-11-29,0.0527
2015-11-30,0.0553
2015-12-01,0.086
2015-12-02,0.1012
2015-12-03,0.0913
2015-12-04,0.0871
2015-12-05,0.0844
2015-12-06,0.0843
2015-12-07,0.0837
2015-12-08,0.0824
2015-12-09,0.0795
2015-12-10,0.0784
2015-12-11,0.0757
2015-12-12,0.0734
2015-12-13,0.0712
2015-12-14,0.0706
2015-12-15,0.0681
2015-12-16,0.065
2015-12-17,0.0685
2015-12-18,0.0728
2015-12-19,0.0689
2015-12-20,0.0649
2015-12-21,0.0635
2015-12-22,0.063
2015-12-23,0.0672
2015-12-24,0.0827
2015-12-25,0.0871
2015-12-26,0.083
2015-12-27,0.0839
2015-12-28,0.0797
2015-12-29,0.0864
2015-12-30,0.0848
2015-12-31,0.0844
2016-01-01,0.0835
2016-01-02,0.0845
2016-01-03,0.0825
2016-01-04,0.0808
2016-01-05,0.078
2016-01-06,0.0753
2016-01-07,0.0717
2016-01-08,0.0683
2016-01-09,0.0672
2016-01-10,0.0798
2016-01-11,0.0793
2016-01-12,0.0762
2016-01-13,0.0744
2016-01-14,0.0619
2016-01-15,0.0606
2016-01-16,0.0743
2016-01-17,0.0727
2016-01-18,0.0764
2016-01-19,0.0767
2016-01-20,0.0596
2016-01-21,0.0543
2016-01-22,0.0589
2016-01-23,0.0866
2016-01-24,0.0835
2016-01-25,0.0726
2016-01-26,0.0644
2016-01-27,0.0622
2016-01-28,0.0696
2016-01-29,0.063
2016-01-30,0.0559
2016-01-31,0.0603
2016-02-01,0.0596
2016-02-02,0.0864
2016-02-03,0.1026
2016-02-04,0.1149
2016-02-05,0.1055
2016-02-06,0.0977
2016-02-07,0.0951
2016-02-08,0.0947
2016-02-09,0.096
2016-02-10,0.0974
2016-02-11,0.0968
2016-02-12,0.0927
2016-02-13,0.0968
2016-02-14,0.0947
2016-02-15,0.0926
2016-02-16,0.115
2016-02-17,0.1077
2016-02-18,0.1012
2016-02-19,0.0965
2016-02-20,0.0967
2016-02-21,0.1033
2016-02-22,0.1055
2016-02-23,0.1054
2016-02-24,0.1075
2016-02-25,0.1166
2016-02-26,0.1072
2016-02-27,0.1007
2016-02-28,0.0985
2016-02-29,0.0986
2016-03-01,0.0944
2016-03-02,0.1002
2016-03-03,0.0972
2016-03-04,0.0965
2016-03-05,0.0954
2016-03-06,0.0955
2016-03-07,0.094
2016-03-08,0.0929
2016-03-09,0.0929
2016-03-10,0.0914
2016-03-11,0.0925
2016-03-12,0.0903
2016-03-13,0.0883
2016-03-14,0.092
2016-03-15,0.1069
2016-03-16,0.099
2016-03-17,0.0972
2016-03-18,0.0965
2016-03-19,0.0969
2016-03-20,0.0939
2016-03-21,0.1
2016-03-22,0.0939
2016-03-23,0.0935
2016-03-24,0.0906
2016-03-25,0.0913
2016-03-26,0.092
2016-03-27,0.0889
2016-03-28,0.0916
2016-03-29,0.0924
2016-03-30,0.0905
2016-03-31,0.0875
2016-04-01,0.0914
2016-04-02,0.0893
2016-04-03,0.0931
2016-04-04,0.0888
2016-04-05,0.0915
2016-04-06,0.0881
2016-04-07,0.0891
2016-04-08,0.0903
2016-04-09,0.092
2016-04-10,0.0908
2016-04-11,0.0875
2016-04-12,0.0881
2016-04-13,0.0884
2016-04-14,0.0883
2016-04-15,0.088
2016-04-16,0.0876
2016-04-17,0.0872
2016-04-18,0.0887
2016-04-19,0.0906
2016-04-20,0.0884
2016-04-21,0.0858
2016-04-22,0.0875
2016-04-23,0.0886
2016-04-24,0.0862
2016-04-25,0.0843
2016-04-26,0.0835
2016-04-27,0.083
2016-04-28,0.0808
2016-04-29,0.0802
2016-04-30,0.0765
2016-05-01,0.0894
2016-05-02,0.0902
2016-05-03,0.0923
2016-05-04,0.0865
2016-05-05,0.0926
2016-05-06,0.0953
2016-05-07,0.0889
2016-05-08,0.0868
2016-05-09,0.0834
2016-05-10,0.0822
2016-05-11,0.0854
2016-05-12,0.0863
2016-05-13,0.0852
2016-05-14,0.0828
2016-05-15,0.082
2016-05-16,0.0786
2016-05-17,0.076
2016-05-18,0.0759
2016-05-19,0.0745
2016-05-20,0.0696
2016-05-21,0.0814
2016-05-22,0.0963
2016-05-23,0.0892
2016-05-24,0.0848
2016-05-25,0.0816
2016-05-26,0.0799
2016-05-27,0.079
2016-05-28,0.077
2016-05-29,0.0736
2016-05-30,0.0774
2016-05-31,0.079
2016-06-01,0.0751
2016-06-02,0.0696
2016-06-03,0.0649
2016-06-04,0.0602
2016-06-05,0.0651
2016-06-06,0.062
2016-06-07,0.0551
2016-06-08,0.0482
2016-06-09,0.0447
2016-06-10,0.0428
2016-06-11,0.0423
2016-06-12,0.041
2016-06-13,0.0385
2016-06-14,0.0354
2016-06-15,0.0387
2016-06-16,0.0526
2016-06-17,0.0764
2016-06-18,0.0638
2016-06-19,0.0531
2016-06-20,0.0474
2016-06-21,0.0463
2016-06-22,0.0458
2016-06-23,0.0478
2016-06-24,0.0822
2016-06-25,0.0729
2016-06-26,0.0653
2016-06-27,0.0595
2016-06-28,0.0562
2016-06-29,0.0489
2016-06-30,0.0453
2016-07-01,0.0443
2016-07-02,0.0435
2016-07-03,0.0584
2016-07-04,0.0592
2016-07-05,0.0697
2016-07-06,0.0614
2016-07-07,0.0522
2016-07-08,0.0505
2016-07-09,0.0513
2016-07-10,0.0452
2016-07-11,0.0423
2016-07-12,0.0495
2016-07-13,0.0577
2016-07-14,0.0505
2016-07-15,0.0453
2016-07-16,0.0432
2016-07-17,0.0415
2016-07-18,0.0403
2016-07-19,0.0376
2016-07-20,0.0344
2016-07-21,0.0301
2016-07-22,0.0273
2016-07-23,0.0261
2016-07-24,0.0248
2016-07-25,0.0241
2016-07-26,0.0255
2016-07-27,0.0308
2016-07-28,0.0294
2016-07-29,0.0434
2016-07-30,0.0377
2016-07-31,0.0389
2016-08-01,0.0408
2016-08-02,0.036
2016-08-03,0.0365
2016-08-04,0.0401
2016-08-05,0.0413
2016-08-06,0.045
2016-08-07,0.0404
2016-08-08,0.0401
2016-08-09,0.0396
2016-08-10,0.0444
2016-08-11,0.0408
2016-08-12,0.038
2016-08-13,0.0357
2016-08-14,0.0334
2016-08-15,0.0311
2016-08-16,0.0326
2016-08-17,0.0319
2016-08-18,0.0287
2016-08-19,0.0258
2016-08-20,0.0246
2016-08-21,0.025
2016-08-22,0.0229
2016-08-23,0.0206
2016-08-24,0.0193
2016-08-25,0.0194
2016-08-26,0.019
2016-08-27,0.0179
2016-08-28,0.017
2016-08-29,0.0151
2016-08-30,0.0141
2016-08-31,0.014
2016-09-01,0.0181
2016-09-02,0.0161
2016-09-03,0.0144
2016-09-04,0.0133
2016-09-05,0.0123
2016-09-06,0.0119
2016-09-07,0.0106
2016-09-08,0.0101
2016-09-09,0.0093
2016-09-10,0.0087
2016-09-11,0.0081
2016-09-12,0.0063
2016-09-13,0.0056
2016-09-14,0.0057
2016-09-15,0.0047
2016-09-16,0.0039
2016-09-17,0.0039
2016-09-18,0.0038
2016-09-19,0.0384
2016-09-20,0.0327
2016-09-21,0.0286
2016-09-22,0.0239
2016-09-23,0.0213
2016-09-24,0.0197
2016-09-25,0.0178
2016-09-26,0.0177
2016-09-27,0.0301
2016-09-28,0.0282
2016-09-29,0.0869
2016-09-30,0.1489
2016-10-01,0.0897
2016-10-02,0.085
2016-10-03,0.078
2016-10-04,0.0773
2016-10-05,0.0759
2016-10-06,0.0753
2016-10-07,0.0889
2016-10-08,0.1436
2016-10-09,0.1013
2016-10-10,0.0861
2016-10-11,0.0822
2016-10-12,0.0802
2016-10-13,0.0802
2016-10-14,0.0781
2016-10-15,0.0749
2016-10-16,0.0741
2016-10-17,0.0746
2016-10-18,0.0765
2016-10-19,0.0782
2016-10-20,0.0752
2016-10-21,0.074
2016-10-22,0.075
2016-10-23,0.0755
2016-10-24,0.0757
2016-10-25,0.0731
2016-10-26,0.0721
2016-10-27,0.0723
2016-10-28,0.0736
2016-10-29,0.0729
2016-10-30,0.0729
2016-10-31,0.0724
2016-11-01,0.0727
2016-11-02,0.0729
2016-11-03,0.0714
2016-11-04,0.0735
2016-11-05,0.0724
2016-11-06,0.0732
2016-11-07,0.0725
2016-11-08,0.0752
2016-11-09,0.0728
2016-11-10,0.0747
2016-11-11,0.073
2016-11-12,0.068
2016-11-13,0.0681
2016-11-14,0.0649
2016-11-15,0.0553
2016-11-16,0.0504
2016-11-17,0.0443
2016-11-18,0.042
2016-11-19,0.038
2016-11-20,0.0399
2016-11-21,0.0356
2016-11-22,0.0308
2016-11-23,0.0291
2016-11-24,0.0285
2016-11-25,0.0278
2016-11-26,0.0264
2016-11-27,0.0251
2016-11-28,0.0243
2016-11-29,0.0373
2016-11-30,0.0369
2016-12-01,0.045
2016-12-02,0.0423
2016-12-03,0.0403
2016-12-04,0.0392
2016-12-05,0.0382
2016-12-06,0.0368
2016-12-07,0.0599
2016-12-08,0.0603
2016-12-09,0.0378
2016-12-10,0.0284
2016-12-11,0.0244
2016-12-12,0.0195
2016-12-13,0.0226
2016-12-14,0.0168
2016-12-15,0.0106
2016-12-16,0.0106
2016-12-17,0.005
2016-12-18,0.0045
2016-12-19,0.0031
2016-12-20,0.0031
2016-12-21,0.0029
2016-12-22,0.0027
2016-12-23,0.0025
2016-12-24,0.0023
2016-12-25,0.002
2016-12-26,0.0018
2016-12-27,0.0016
2016-12-28,0.0014
2016-12-29,0.0012
2016-12-30,0.001
2016-12-31,8.00E-04
2017-01-01,0.0012
2017-01-02,0.0015
2017-01-03,0.0019
2017-01-04,0.0022
2017-01-05,0.0016
2017-01-06,0.0013
2017-01-07,9.00E-04
2017-01-08,0.0052
2017-01-09,0.0079
2017-01-10,0.0012
2017-01-11,0.0018
2017-01-12,0.0016
2017-01-13,0.0022
2017-01-14,0.0029
2017-01-15,0.0027
2017-01-16,0.0025
2017-01-17,0.0023
2017-01-18,0.002
2017-01-19,0.0018
2017-01-20,0.0016
2017-01-21,0.0014
2017-01-22,0.0094
2017-01-23,0.0173
2017-01-24,0.0252
2017-01-25,0.0234
2017-01-26,0.0201
2017-01-27,0.0191
2017-01-28,0.0173
2017-01-29,0.0178
2017-01-30,0.0144
2017-01-31,0.0129
2017-02-01,0.0118
2017-02-02,0.0094
2017-02-03,0.0105
2017-02-04,0.0064
2017-02-05,0.0056
2017-02-06,0.0037
2017-02-07,0.0031
2017-02-08,0.0027
2017-02-09,0.003
2017-02-10,0.0015
2017-02-11,8.00E-04
2017-02-12,0.0012
2017-02-13,9.00E-04
2017-02-14,8.00E-04
2017-02-15,7.00E-04
2017-02-16,6.00E-04
2017-02-17,5.00E-04
2017-02-18,4.00E-04
2017-02-19,3.00E-04
2017-02-20,4.00E-04
2017-02-21,5.00E-04
2017-02-22,6.00E-04
2017-02-23,7.00E-04
2017-02-24,8.00E-04
2017-02-25,9.00E-04
2017-02-26,0.001
2017-02-27,0.0011
2017-02-28,0.0012
2017-03-01,0.0013
2017-03-02,0.0014
2017-03-03,0.0016
2017-03-04,0.0017
2017-03-05,0.0018
2017-03-06,0.0019
2017-03-07,0.002
2017-03-08,0.0021
2017-03-09,0.0022
2017-03-10,0.0023
2017-03-11,0.0024
2017-03-12,0.0025
2017-03-13,0.0026
2017-03-14,0.0027
2017-03-15,0.0028
2017-03-16,0.0029
2017-03-17,0.003
2017-03-18,0.0031
2017-03-19,0.0032
2017-03-20,0.0033
2017-03-21,0.0035
2017-03-22,0.0036
2017-03-23,0.0037
2017-03-24,0.0038
2017-03-25,0.0039
2017-03-26,0.004
2017-03-27,0.0041
2017-03-28,0.0042
2017-03-29,0.0043
2017-03-30,0.0044
2017-03-31,0.0045
2017-04-01,0.0046
2017-04-02,0.0044
2017-04-03,0.0043
2017-04-04,0.0041
2017-04-05,0.0034
2017-04-06,0.0028
2017-04-07,0.0021
2017-04-08,0.0039
2017-04-09,0.0057
2017-04-10,0.0075
2017-04-11,0.0092
2017-04-12,0.011
2017-04-13,0.0128
2017-04-14,0.0146
2017-04-15,0.0164
2017-04-16,0.0182
2017-04-17,0.0199
2017-04-18,0.0217
2017-04-19,0.0235
2017-04-20,0.0253
2017-04-21,0.0271
2017-04-22,0.0289
2017-04-23,0.0307
2017-04-24,0.0324
2017-04-25,0.0597
2017-04-26,0.0455
2017-04-27,0.044
2017-04-28,0.0453
2017-04-29,0.0421
2017-04-30,0.0385
2017-05-01,0.0345
2017-05-02,0.0368
2017-05-03,0.0278
2017-05-04,0.0204
2017-05-05,0.1361
2017-05-06,0.0991
2017-05-07,0.0892
2017-05-08,0.0837
2017-05-09,0.0788
2017-05-10,0.078
2017-05-11,0.075
2017-05-12,0.0752
2017-05-13,0.0797
2017-05-14,0.0751
2017-05-15,0.0703
2017-05-16,0.059
2017-05-17,0.0502
2017-05-18,0.0415
2017-05-19,0.0372
2017-05-20,0.0323
2017-05-21,0.0277
2017-05-22,0.0284
2017-05-23,0.0243
2017-05-24,0.0588
2017-05-25,0.1193
2017-05-26,0.0968
2017-05-27,0.0853
2017-05-28,0.0804
2017-05-29,0.0808
2017-05-30,0.0751
2017-05-31,0.0702
2017-06-01,0.0627
2017-06-02,0.0531
2017-06-03,0.0435
2017-06-04,0.0356
2017-06-05,0.0402
2017-06-06,0.0424
2017-06-07,0.0346
2017-06-08,0.0277
2017-06-09,0.0262
2017-06-10,0.0242
2017-06-11,0.0216
2017-06-12,0.0189
2017-06-13,0.0208
2017-06-14,0.0205
2017-06-15,0.0189
2017-06-16,0.0192
2017-06-17,0.0266
2017-06-18,0.0437
2017-06-19,0.0403
2017-06-20,0.0444
2017-06-21,0.0373
2017-06-22,0.0238
2017-06-23,0.0153
2017-06-24,0.0146
2017-06-25,0.007
2017-06-26,0.007
2017-06-27,0.007
2017-06-28,0.0069
2017-06-29,0.0069
2017-06-30,0.0069
2017-07-01,0.0069
2017-07-02,0.0068
2017-07-03,0.0068
2017-07-04,0.0068
2017-07-05,0.0068
2017-07-06,0.0067
2017-07-07,0.0067
2017-07-08,0.0067
2017-07-09,0.0067
2017-07-10,0.0066
2017-07-11,0.0066
2017-07-12,0.0066
2017-07-13,0.0066
2017-07-14,0.0065
2017-07-15,0.0065
2017-07-16,0.0065
2017-07-17,0.0065
2017-07-18,0.0064
2017-07-19,0.0064
2017-07-20,0.0064
2017-07-21,0.0064
2017-07-22,0.0063
2017-07-23,0.0063
2017-07-24,0.0063
2017-07-25,0.0063
2017-07-26,0.0062
2017-07-27,0.0062
2017-07-28,0.0062
2017-07-29,0.0062
2017-07-30,0.0061
2017-07-31,0.0061
2017-08-01,0.0061
2017-08-02,0.0061
2017-08-03,0.0061
2017-08-04,0.006
2017-08-05,0.006
2017-08-06,0.006
2017-08-07,0.006
2017-08-08,0.0059
2017-08-09,0.0059
2017-08-10,0.0059
2017-08-11,0.0059
2017-08-12,0.0058
2017-08-13,0.0058
2017-08-14,0.0058
2017-08-15,0.0058
2017-08-16,0.0057
2017-08-17,0.0057
2017-08-18,0.0057
2017-08-19,0.0057
2017-08-20,0.0056
2017-08-21,0.0056
2017-08-22,0.0056
2017-08-23,0.0056
2017-08-24,0.0055
2017-08-25,0.0055
2017-08-26,0.0055
2017-08-27,0.0055
2017-08-28,0.0054
2017-08-29,0.0054
2017-08-30,0.0054
2017-08-31,0.0054
2017-09-01,0.0053
2017-09-02,0.0053
2017-09-03,0.0053
2017-09-04,0.0053
2017-09-05,0.0052
2017-09-06,0.0052
2017-09-07,0.0052
2017-09-08,0.0052
2017-09-09,0.0051
2017-09-10,0.0051
2017-09-11,0.0051
2017-09-12,0.0051
2017-09-13,0.0051
2017-09-14,0.005
2017-09-15,0.005
2017-09-16,0.005
2017-09-17,0.005
2017-09-18,0.0049
2017-09-19,0.0049
2017-09-20,0.0049
2017-09-21,0.0049
2017-09-22,0.0048
2017-09-23,0.0048
2017-09-24,0.0048
2017-09-25,0.0048
2017-09-26,0.0047
2017-09-27,0.0047
2017-09-28,0.0047
2017-09-29,0.0047
2017-09-30,0.0046
2017-10-01,0.0046
2017-10-02,0.0046
2017-10-03,0.0046
2017-10-04,0.0045
2017-10-05,0.0045
2017-10-06,0.0045
2017-10-07,0.0045
2017-10-08,0.0044
2017-10-09,0.0044
2017-10-10,0.0044
2017-10-11,0.0044
2017-10-12,0.0043
2017-10-13,0.0043
2017-10-14,0.0043
2017-10-15,0.0043
2017-10-16,0.0042
2017-10-17,0.0042
2017-10-18,0.0042
2017-10-19,0.0042
2017-10-20,0.0042
2017-10-21,0.0041
2017-10-22,0.0041
2017-10-23,0.0041
2017-10-24,0.0041
2017-10-25,0.004
2017-10-26,0.004
2017-10-27,0.004
2017-10-28,0.004
2017-10-29,0.0039
2017-10-30,0.0039
2017-10-31,0.0039
2017-11-01,0.0039
2017-11-02,0.0038
2017-11-03,0.0038
2017-11-04,0.0038
2017-11-05,0.0038
2017-11-06,0.0037
2017-11-07,0.0037
2017-11-08,0.0037
2017-11-09,0.0037
2017-11-10,0.0036
2017-11-11,0.0036
2017-11-12,0.0036
2017-11-13,0.0036
2017-11-14,0.0035
2017-11-15,0.0033
2017-11-16,0.0034
2017-11-17,0.0029
2017-11-18,0.0028
2017-11-19,0.0038
2017-11-20,0.0028
2017-11-21,0.0031
2017-11-22,0.0039
2017-11-23,0.0043
2017-11-24,0.0039
2017-11-25,0.0033
2017-11-26,0.0034
2017-11-27,0.0033
2017-11-28,0.0031
2017-11-29,0.003
2017-11-30,0.0024
2017-12-01,0.0027
2017-12-02,0.0019
2017-12-03,0.0018
2017-12-04,0.0016
2017-12-05,0.0013
2017-12-06,0.0015
2017-12-07,9.00E-04
2017-12-08,0.0012
2017-12-09,0.0012
2017-12-10,5.00E-04
2017-12-11,7.00E-04
2017-12-12,9.00E-04
2017-12-13,0.0022
2017-12-14,0.001
2017-12-15,0.001
2017-12-16,8.00E-04
2017-12-17,7.00E-04
2017-12-18,0.0014
2017-12-19,0.0018
2017-12-20,0.0013
2017-12-21,0.0012
2017-12-22,0.001
2017-12-23,0.0017
2017-12-24,0.0013
2017-12-25,0.001
2017-12-26,9.00E-04
2017-12-27,9.00E-04
2017-12-28,0.0012
2017-12-29,0.001
2017-12-30,8.00E-04
2017-12-31,0.0025
2018-01-01,0.0086
2018-01-02,0.0112
2018-01-03,0.0137
2018-01-04,0.0163
2018-01-05,0.0189
2018-01-06,0.0092
2018-01-07,0.0099
2018-01-08,0.0031
2018-01-09,0.0019
2018-01-10,3.00E-04
2018-01-11,5.00E-04
2018-01-12,0.0036
2018-01-13,0.0059
2018-01-14,0.0026
2018-01-15,0.0046
2018-01-16,0.0041
2018-01-17,0.0036
2018-01-18,0.0031
2018-01-19,0.003
2018-01-20,0.0028
2018-01-21,0.0027
2018-01-22,0.0026
2018-01-23,0.0025
2018-01-24,0.0023
2018-01-25,0.0022
2018-01-26,0.0021
2018-01-27,0.0019
2018-01-28,0.0018
2018-01-29,0.0017
2018-01-30,0.0018
2018-01-31,0.002
2018-02-01,0.0021
2018-02-02,0.0023
2018-02-03,0.0024
2018-02-04,0.0026
2018-02-05,0.0027
2018-02-06,8.00E-04
2018-02-07,0.0065
2018-02-08,0.0064
2018-02-09,0.0016
2018-02-10,0.0011
2018-02-11,0.0246
2018-02-12,0.0096
2018-02-13,0.0077
2018-02-14,0.0057
2018-02-15,9.00E-04
2018-02-16,5.00E-04
2018-02-17,5.00E-04
2018-02-18,5.00E-04
2018-02-19,6.00E-04
2018-02-20,6.00E-04
2018-02-21,6.00E-04
2018-02-22,7.00E-04
2018-02-23,0.0011
2018-02-24,0.0017
2018-02-25,0.0026
2018-02-26,0.0029
2018-02-27,0.003
2018-02-28,0.0028
2018-03-01,0.0048
2018-03-02,0.0071
2018-03-03,0.0059
2018-03-04,0.0049
2018-03-05,0.0042
2018-03-06,0.0042
2018-03-07,0.0044
2018-03-08,0.0042
2018-03-09,0.0043
2018-03-10,0.0037
2018-03-11,0.0036
2018-03-12,0.005
2018-03-13,0.007
2018-03-14,0.009
2018-03-15,0.0089
2018-03-16,0.0095
2018-03-17,0.0078
2018-03-18,0.0157
2018-03-19,0.0126
2018-03-20,0.0225
2018-03-21,0.0273
2018-03-22,0.0261
2018-03-23,0.0244
2018-03-24,0.0242
2018-03-25,0.0264
2018-03-26,0.0248
2018-03-27,0.0255
2018-03-28,0.0263
2018-03-29,0.0251
2018-03-30,0.0263
2018-03-31,0.0241
2018-04-01,0.0223
2018-04-02,0.0214
2018-04-03,0.021
2018-04-04,0.0206
2018-04-05,0.0199
2018-04-06,0.0184
2018-04-07,0.018
2018-04-08,0.0176
2018-04-09,0.016
2018-04-10,0.0154
2018-04-11,0.0142
2018-04-12,0.0135
2018-04-13,0.0126
2018-04-14,0.0119
2018-04-15,0.0146
2018-04-16,0.0452
2018-04-17,0.0369
2018-04-18,0.0305
2018-04-19,0.0298
2018-04-20,0.0256
2018-04-21,0.0224
2018-04-22,0.021
2018-04-23,0.0199
2018-04-24,0.0398
2018-04-25,0.0802
2018-04-26,0.0849
2018-04-27,0.0813
2018-04-28,0.0773
2018-04-29,0.0728
2018-04-30,0.0653
2018-05-01,0.0581
2018-05-02,0.0511
2018-05-03,0.0465
2018-05-04,0.0423
2018-05-05,0.0364
2018-05-06,0.0333
2018-05-07,0.0299
2018-05-08,0.0317
2018-05-09,0.0284
2018-05-10,0.0261
2018-05-11,0.0251
2018-05-12,0.024
2018-05-13,0.0221
2018-05-14,0.0205
2018-05-15,0.0201
2018-05-16,0.0323
2018-05-17,0.0725
2018-05-18,0.1494
2018-05-19,0.1378
2018-05-20,0.1031
2018-05-21,0.0918
2018-05-22,0.0915
2018-05-23,0.094
2018-05-24,0.0887
2018-05-25,0.0861
2018-05-26,0.0865
2018-05-27,0.0884
2018-05-28,0.0985
2018-05-29,0.0913
2018-05-30,0.0895
2018-05-31,0.0886
2018-06-01,0.0927
2018-06-02,0.0888
2018-06-03,0.0872
2018-06-04,0.0844
2018-06-05,0.0836
2018-06-06,0.0833
2018-06-07,0.0824
2018-06-08,0.0825
2018-06-09,0.0824
2018-06-10,0.073
2018-06-11,0.0128
2018-06-12,0.008
2018-06-13,0.0068
2018-06-14,0.0075
2018-06-15,0.0112
2018-06-16,0.0153
2018-06-17,0.0156
2018-06-18,0.0604
2018-06-19,0.0815
2018-06-20,0.0789
2018-06-21,0.0722
2018-06-22,0.0771
2018-06-23,0.0633
2018-06-24,0.0475
2018-06-25,0.0419
2018-06-26,0.0409
2018-06-27,0.0362
2018-06-28,0.0292
2018-06-29,0.0236
2018-06-30,0.0197
2018-07-01,0.0161
2018-07-02,0.0123
2018-07-03,0.0094
2018-07-04,0.0066
2018-07-05,0.0038
2018-07-06,0.0018
2018-07-07,0.0018
2018-07-08,5.00E-04
2018-07-09,4.00E-04
2018-07-10,4.00E-04
2018-07-11,5.00E-04
2018-07-12,3.00E-04
2018-07-13,7.00E-04
2018-07-14,0.0011
2018-07-15,0.0015
2018-07-16,0.0019
2018-07-17,0.0023
2018-07-18,0.0027
2018-07-19,0.0031
2018-07-20,0.0035
2018-07-21,0.0039
2018-07-22,0.0043
2018-07-23,0.0047
2018-07-24,0.0051
2018-07-25,0.0062
2018-07-26,0.0028
2018-07-27,0.0013
2018-07-28,8.00E-04
2018-07-29,0.001
2018-07-30,0.0011
2018-07-31,0.0013
2018-08-01,0.0014
2018-08-02,0.0077
2018-08-03,0.0068
2018-08-04,0.0039
2018-08-05,0.0013
2018-08-06,7.00E-04
2018-08-07,6.00E-04
2018-08-08,5.00E-04
2018-08-09,4.00E-04
2018-08-10,4.00E-04
2018-08-11,4.00E-04
2018-08-12,4.00E-04
2018-08-13,3.00E-04
2018-08-14,3.00E-04
2018-08-15,4.00E-04
2018-08-16,5.00E-04
2018-08-17,6.00E-04
2018-08-18,6.00E-04
2018-08-19,7.00E-04
2018-08-20,3.00E-04
2018-08-21,0.0014
2018-08-22,0.0032
2018-08-23,0.0039
2018-08-24,0.0046
2018-08-25,0.0053
2018-08-26,0.0061
2018-08-27,0.0068
2018-08-28,0.0075
2018-08-29,0.0082
2018-08-30,0.009
2018-08-31,0.0097
2018-09-01,0.0104
2018-09-02,0.0111
2018-09-03,0.0119
2018-09-04,0.0126
2018-09-05,0.0133
2018-09-06,0.014
2018-09-07,0.0148
2018-09-08,0.0155
2018-09-09,0.0162
2018-09-10,0.0051
2018-09-11,0.0011
2018-09-12,0.0017
2018-09-13,7.00E-04
2018-09-14,3.00E-04
2018-09-15,4.00E-04
2018-09-16,0.023
2018-09-17,0.0456
2018-09-18,0.0101
2018-09-19,0.0028
2018-09-20,9.00E-04
2018-09-21,5.00E-04
2018-09-22,0.005
2018-09-23,0.0596
2018-09-24,0.0147
2018-09-25,0.0064
2018-09-26,0.0043
2018-09-27,0.0071
2018-09-28,0.0149
2018-09-29,0.0123
2018-09-30,0.0085
2018-10-01,0.0073
2018-10-02,0.0062
2018-10-03,0.0054
2018-10-04,0.0043
2018-10-05,0.0028
2018-10-06,0.002
2018-10-07,0.0018
2018-10-08,0.0013
2018-10-09,0.001
2018-10-10,0.0031
2018-10-11,0.0857
2018-10-12,0.1088
2018-10-13,0.0773
2018-10-14,0.0718
2018-10-15,0.0746
2018-10-16,0.0798
2018-10-17,0.0731
2018-10-18,0.0614
2018-10-19,0.0488
2018-10-20,0.0411
2018-10-21,0.0349
2018-10-22,0.0272
2018-10-23,0.0253
2018-10-24,0.0217
2018-10-25,0.0197
2018-10-26,0.0218
2018-10-27,0.0299
2018-10-28,0.0238
2018-10-29,0.0211
2018-10-30,0.0189
2018-10-31,0.0172
2018-11-01,0.0146
2018-11-02,0.0165
2018-11-03,0.0187
2018-11-04,0.0151
2018-11-05,0.0143
2018-11-06,0.0149
2018-11-07,0.0149
2018-11-08,0.0126
2018-11-09,0.0115
2018-11-10,0.0117
2018-11-11,0.0096
2018-11-12,0.0094
2018-11-13,0.0338
2018-11-14,0.028
2018-11-15,0.0483
2018-11-16,0.0844
2018-11-17,0.0731
2018-11-18,0.0676
2018-11-19,0.0658
2018-11-20,0.0621
2018-11-21,0.0524
2018-11-22,0.0469
2018-11-23,0.0399
2018-11-24,0.0481
2018-11-25,0.0588
2018-11-26,0.0536
2018-11-27,0.0491
2018-11-28,0.0456
2018-11-29,0.0427
2018-11-30,0.0388
2018-12-01,0.038
2018-12-02,0.0352
2018-12-03,0.0349
2018-12-04,0.0314
2018-12-05,0.0293
2018-12-06,0.0271
2018-12-07,0.025
2018-12-08,0.0235
2018-12-09,0.0261
2018-12-10,0.0299
2018-12-11,0.0285
2018-12-12,0.026
2018-12-13,0.0252
2018-12-14,0.0273
2018-12-15,0.068
2018-12-16,0.0879
2018-12-17,0.0875
2018-12-18,0.089
2018-12-19,0.0847
2018-12-20,0.0861
2018-12-21,0.1171
2018-12-22,0.1049
2018-12-23,0.0949
2018-12-24,0.0903
2018-12-25,0.0878
2018-12-26,0.0859
2018-12-27,0.0838
2018-12-28,0.0978
2018-12-29,0.0994
2018-12-30,0.0917
2018-12-31,0.0867
2019-01-01,0.0825
2019-01-02,0.0819
2019-01-03,0.0818
2019-01-04,0.0817
2019-01-05,0.0822
2019-01-06,0.0795
2019-01-07,0.079
2019-01-08,0.0789
2019-01-09,0.0784
2019-01-10,0.0853
2019-01-11,0.0838
2019-01-12,0.0786
2019-01-13,0.0789
2019-01-14,0.0731
2019-01-15,0.0731
2019-01-16,0.0715
2019-01-17,0.0667
2019-01-18,0.0635
2019-01-19,0.0604
2019-01-20,0.0789
2019-01-21,0.0818
2019-01-22,0.0713
2019-01-23,0.0637
2019-01-24,0.072
2019-01-25,0.0803
2019-01-26,0.0776
2019-01-27,0.0716
2019-01-28,0.0648
2019-01-29,0.0597
2019-01-30,0.0597
2019-01-31,0.0565
2019-02-01,0.0527
2019-02-02,0.0505
2019-02-03,0.0502
2019-02-04,0.0486
2019-02-05,0.0465
2019-02-06,0.0445
2019-02-07,0.0444
2019-02-08,0.043
2019-02-09,0.0395
2019-02-10,0.0357
2019-02-11,0.0379
2019-02-12,0.0443
2019-02-13,0.0513
2019-02-14,0.0467
2019-02-15,0.0434
2019-02-16,0.0462
2019-02-17,0.0501
2019-02-18,0.062
2019-02-19,0.0615
2019-02-20,0.069
2019-02-21,0.098
2019-02-22,0.1117
2019-02-23,0.1309
2019-02-24,0.1246
2019-02-25,0.1057
2019-02-26,0.0982
2019-02-27,0.0934
2019-02-28,0.0883
2019-03-01,0.0842
2019-03-02,0.0888
2019-03-03,0.0858
2019-03-04,0.0914
2019-03-05,0.0887
2019-03-06,0.0872
2019-03-07,0.0835
2019-03-08,0.0815
2019-03-09,0.0825
2019-03-10,0.0805
2019-03-11,0.0847
2019-03-12,0.0831
2019-03-13,0.0828
2019-03-14,0.0821
2019-03-15,0.0836
2019-03-16,0.0842
2019-03-17,0.0836
2019-03-18,0.0841
2019-03-19,0.0835
2019-03-20,0.0831
2019-03-21,0.0833
2019-03-22,0.0831
2019-03-23,0.0781
2019-03-24,0.078
2019-03-25,0.0759
2019-03-26,0.074
2019-03-27,0.0706
2019-03-28,0.0698
2019-03-29,0.0703
2019-03-30,0.0713
2019-03-31,0.0724
2019-04-01,0.0755
2019-04-02,0.0768
2019-04-03,0.0733
2019-04-04,0.065
2019-04-05,0.0608
2019-04-06,0.0601
2019-04-07,0.0554
2019-04-08,0.0594
2019-04-09,0.0721
2019-04-10,0.0631
2019-04-11,0.0567
2019-04-12,0.0565
2019-04-13,0.066
2019-04-14,0.0933
2019-04-15,0.1587
2019-04-16,0.1
2019-04-17,0.0937
2019-04-18,0.0911
2019-04-19,0.0945
2019-04-20,0.0996
2019-04-21,0.0918
2019-04-22,0.0905
2019-04-23,0.0921
2019-04-24,0.0913
2019-04-25,0.0894
2019-04-26,0.0904
2019-04-27,0.0894
2019-04-28,0.0898
2019-04-29,0.0883
2019-04-30,0.0889
2019-05-01,0.089
2019-05-02,0.0884
2019-05-03,0.0876
2019-05-04,0.0861
2019-05-05,0.084
2019-05-06,0.0803
2019-05-07,0.0765
2019-05-08,0.0714
2019-05-09,0.0654
2019-05-10,0.0589
2019-05-11,0.0552
2019-05-12,0.0596
2019-05-13,0.0617
2019-05-14,0.0552
2019-05-15,0.0484
2019-05-16,0.0431
2019-05-17,0.039
2019-05-18,0.0349
2019-05-19,0.0321
2019-05-20,0.0292
2019-05-21,0.0262
2019-05-22,0.0235
2019-05-23,0.0231
2019-05-24,0.022
2019-05-25,0.0208
2019-05-26,0.0237
2019-05-27,0.0231
2019-05-28,0.0226
2019-05-29,0.0215
2019-05-30,0.0209
2019-05-31,0.0197
2019-06-01,0.0213
2019-06-02,0.0184
2019-06-03,0.0253
2019-06-04,0.0321
2019-06-05,0.0389
2019-06-06,0.0457
2019-06-07,0.0526
2019-06-08,0.0594
2019-06-09,0.0644
2019-06-10,0.0638
2019-06-11,0.0817
2019-06-12,0.0672
2019-06-13,0.0617
2019-06-14,0.0515
2019-06-15,0.0438
2019-06-16,0.0412
2019-06-17,0.0399
2019-06-18,0.0385
2019-06-19,0.0365
2019-06-20,0.0355
2019-06-21,0.0313
2019-06-22,0.0279
2019-06-23,0.0257
2019-06-24,0.029
2019-06-25,0.0322
2019-06-26,0.0265
2019-06-27,0.0279
2019-06-28,0.0293
2019-06-29,0.0189
2019-06-30,0.0101
2019-07-01,0.0084
2019-07-02,0.0126
2019-07-03,0.0143
2019-07-04,0.012
2019-07-05,0.0125
2019-07-06,0.01
2019-07-07,0.0085
2019-07-08,0.0074
2019-07-09,0.0089
2019-07-10,0.0067
2019-07-11,0.0071
2019-07-12,0.007
2019-07-13,0.0064
2019-07-14,0.0058
2019-07-15,0.0064
2019-07-16,0.0063
2019-07-17,0.0065
2019-07-18,0.0069
2019-07-19,0.0062
2019-07-20,0.006
2019-07-21,0.0075
2019-07-22,0.008
2019-07-23,0.0142
2019-07-24,0.0107
2019-07-25,0.0088
2019-07-26,0.0084
2019-07-27,0.008
2019-07-28,0.0081
2019-07-29,0.0077
2019-07-30,0.0083
2019-07-31,0.0138
2019-08-01,0.01
2019-08-02,0.0133
2019-08-03,0.0081
2019-08-04,0.0072
2019-08-05,0.0065
2019-08-06,0.0392
2019-08-07,0.0279
2019-08-08,0.0241
2019-08-09,0.0209
2019-08-10,0.0176
2019-08-11,0.0151
2019-08-12,0.0117
2019-08-13,0.0087
2019-08-14,0.007
2019-08-15,0.0072
2019-08-16,0.0109
2019-08-17,0.0087
2019-08-18,0.0069
2019-08-19,0.0062
2019-08-20,0.0059
2019-08-21,0.0055
2019-08-22,0.0055
2019-08-23,0.0057
2019-08-24,0.0145
2019-08-25,0.0074
2019-08-26,0.0066
2019-08-27,0.007
2019-08-28,0.0065
2019-08-29,0.0066
2019-08-30,0.0065
2019-08-31,0.0064
2019-09-01,0.0066
2019-09-02,0.0063
2019-09-03,0.0055
2019-09-04,0.0055
2019-09-05,0.0054
2019-09-06,0.0057
2019-09-07,0.0054
2019-09-08,0.0057
2019-09-09,0.0054
2019-09-10,0.0055
2019-09-11,0.0057
2019-09-12,0.0066
2019-09-13,0.006
2019-09-14,0.0066
2019-09-15,0.0062
2019-09-16,0.0058
2019-09-17,0.0055
2019-09-18,0.0054
2019-09-19,0.0054
2019-09-20,0.0054
2019-09-21,0.0053
2019-09-22,0.0053
2019-09-23,0.0051
2019-09-24,0.005
2019-09-25,0.0052
2019-09-26,0.0051
2019-09-27,0.0052
2019-09-28,0.0053
2019-09-29,0.0054
2019-09-30,0.005
2019-10-01,0.0052
2019-10-02,0.005
2019-10-03,0.0049
2019-10-04,0.0047
2019-10-05,0.0048
2019-10-06,0.0063
2019-10-07,0.0056
2019-10-08,0.0066
2019-10-09,0.0062
2019-10-10,0.0056
2019-10-11,0.0057
2019-10-12,0.0054
2019-10-13,0.0055
2019-10-14,0.0055
2019-10-15,0.0052
2019-10-16,0.0093
2019-10-17,0.0068
2019-10-18,0.0058
2019-10-19,0.0058
2019-10-20,0.0184
2019-10-21,0.0075
2019-10-22,0.0108
2019-10-23,0.0084
2019-10-24,0.0068
2019-10-25,0.0064
2019-10-26,0.0063
2019-10-27,0.0162
2019-10-28,0.0088
2019-10-29,0.0072
2019-10-30,0.0081
2019-10-31,0.016
2019-11-01,0.0205
2019-11-02,0.01
2019-11-03,0.0083
2019-11-04,0.0079
2019-11-05,0.0074
2019-11-06,0.0071
2019-11-07,0.0071
2019-11-08,0.0072
2019-11-09,0.0071
2019-11-10,0.007
2019-11-11,0.0068
2019-11-12,0.0074
2019-11-13,0.0072
2019-11-14,0.007
2019-11-15,0.007
2019-11-16,0.0071
2019-11-17,0.0071
2019-11-18,0.0073
2019-11-19,0.0077
2019-11-20,0.0071
2019-11-21,0.0069
2019-11-22,0.0069
2019-11-23,0.0075
2019-11-24,0.0098
2019-11-25,0.0077
2019-11-26,0.0072
2019-11-27,0.008
2019-11-28,0.0077
2019-11-29,0.0075
2019-11-30,0.0083
2019-12-01,0.0216
2019-12-02,0.0164
2019-12-03,0.0113
2019-12-04,0.0093
2019-12-05,0.0126
2019-12-06,0.0139
2019-12-07,0.0076
2019-12-08,0.0075
2019-12-09,0.0099
2019-12-10,0.0098
2019-12-11,0.0099
2019-12-12,0.0089
2019-12-13,0.0105
2019-12-14,0.0172
2019-12-15,0.0156
2019-12-16,0.0117
2019-12-17,0.0103
2019-12-18,0.0096
2019-12-19,0.0088
2019-12-20,0.0082
2019-12-21,0.0079
2019-12-22,0.0077
2019-12-23,0.0075
2019-12-24,0.0076
2019-12-25,0.0075
2019-12-26,0.0075
2019-12-27,0.0072
2019-12-28,0.007
2019-12-29,0.0071
2019-12-30,0.008
2019-12-31,0.0074
2020-01-01,0.0072
2020-01-02,0.0069
2020-01-03,0.0079
2020-01-04,0.0084
2020-01-05,0.0088
2020-01-06,0.0077
2020-01-07,0.0079
2020-01-08,0.0077
2020-01-09,0.0075
2020-01-10,0.0071
2020-01-11,0.0093
2020-01-12,0.0291
2020-01-13,0.0167
2020-01-14,0.0122
2020-01-15,0.0102
2020-01-16,0.0092
2020-01-17,0.009
2020-01-18,0.0085
2020-01-19,0.0094
2020-01-20,0.0106
2020-01-21,0.0107
2020-01-22,0.0098
2020-01-23,0.0095
2020-01-24,0.0113
2020-01-25,0.0273
2020-01-26,0.0167
2020-01-27,0.0127
2020-01-28,0.0109
2020-01-29,0.0098
2020-01-30,0.0091
2020-01-31,0.0088
2020-02-01,0.0086
2020-02-02,0.0082
2020-02-03,0.0079
2020-02-04,0.0078
2020-02-05,0.0087
2020-02-06,0.0323
2020-02-07,0.054
2020-02-08,0.0289
2020-02-09,0.0192
2020-02-10,0.0156
2020-02-11,0.0166
2020-02-12,0.0161
2020-02-13,0.0199
2020-02-14,0.0201
2020-02-15,0.0174
2020-02-16,0.0151
2020-02-17,0.0138
2020-02-18,0.0128
2020-02-19,0.0127
2020-02-20,0.0111
2020-02-21,0.0108
2020-02-22,0.0105
2020-02-23,0.0102
2020-02-24,0.0101
2020-02-25,0.011
2020-02-26,0.0104
2020-02-27,0.011
2020-02-28,0.0101
2020-02-29,0.0101
2020-03-01,0.0096
2020-03-02,0.0094
2020-03-03,0.0098
2020-03-04,0.0094
2020-03-05,0.0092
2020-03-06,0.0096
2020-03-07,0.0094
2020-03-08,0.0089
2020-03-09,0.0088
2020-03-10,0.0089
2020-03-11,0.009
2020-03-12,0.0089
2020-03-13,0.012
2020-03-14,0.01
2020-03-15,0.0106
2020-03-16,0.01
2020-03-17,0.0099
2020-03-18,0.0096
2020-03-19,0.0107
2020-03-20,0.0102
2020-03-21,0.0108
2020-03-22,0.0098
2020-03-23,0.0117
2020-03-24,0.0111
2020-03-25,0.0251
2020-03-26,0.0204
2020-03-27,0.016
2020-03-28,0.0133
2020-03-29,0.0122
2020-03-30,0.0111
2020-03-31,0.0132
2020-04-01,0.0164
2020-04-02,0.0141
2020-04-03,0.013
2020-04-04,0.0122
2020-04-05,0.0115
2020-04-06,0.0113
2020-04-07,0.0111
2020-04-08,0.0112
2020-04-09,0.0109
2020-04-10,0.0106
2020-04-11,0.01
2020-04-12,0.0101
2020-04-13,0.0991
2020-04-14,0.0944
2020-04-15,0.0931
2020-04-16,0.0876
2020-04-17,0.0819
2020-04-18,0.0776
2020-04-19,0.0707
2020-04-20,0.0665
2020-04-21,0.0625
2020-04-22,0.0545
2020-04-23,0.0495
2020-04-24,0.0529
2020-04-25,0.0514
2020-04-26,0.0632
2020-04-27,0.0642
2020-04-28,0.0574
2020-04-29,0.0537
2020-04-30,0.1078
2020-05-01,0.1043
2020-05-02,0.0973
2020-05-03,0.0943
2020-05-04,0.0927
2020-05-05,0.0869
2020-05-06,0.084
2020-05-07,0.0763
2020-05-08,0.0677
2020-05-09,0.0611
2020-05-10,0.0536
2020-05-11,0.0495
2020-05-12,0.0443
2020-05-13,0.0395
2020-05-14,0.0392
2020-05-15,0.0389
2020-05-16,0.0386
2020-05-17,0.0384
2020-05-18,0.0381
2020-05-19,0.0378
2020-05-20,0.0375
2020-05-21,0.0372
2020-05-22,0.037
2020-05-23,0.0367
2020-05-24,0.0364
2020-05-25,0.0361
2020-05-26,0.0359
2020-05-27,0.0356
2020-05-28,0.0353
2020-05-29,0.035
2020-05-30,0.0348
2020-05-31,0.0345
2020-06-01,0.0342
2020-06-02,0.0339
2020-06-03,0.0336
2020-06-04,0.0334
2020-06-05,0.0331
2020-06-06,0.0328
2020-06-07,0.0325
2020-06-08,0.0323
2020-06-09,0.032
2020-06-10,0.0317
2020-06-11,0.0314
2020-06-12,0.0312
2020-06-13,0.0309
2020-06-14,0.0306
2020-06-15,0.0303
2020-06-16,0.03
2020-06-17,0.0298
2020-06-18,0.0295
2020-06-19,0.0292
2020-06-20,0.0289
2020-06-21,0.0287
2020-06-22,0.0284
2020-06-23,0.0281
2020-06-24,0.0278
2020-06-25,0.0275
2020-06-26,0.0273
2020-06-27,0.027
2020-06-28,0.0267
2020-06-29,0.0264
2020-06-30,0.0262
2020-07-01,0.0259
2020-07-02,0.0256
2020-07-03,0.0253
2020-07-04,0.0251
2020-07-05,0.0248
2020-07-06,0.0245
2020-07-07,0.0242
2020-07-08,0.0239
2020-07-09,0.0237
2020-07-10,0.0234
2020-07-11,0.0231
2020-07-12,0.0228
2020-07-13,0.0226
2020-07-14,0.0223
2020-07-15,0.022
2020-07-16,0.0217
2020-07-17,0.0215
2020-07-18,0.0212
2020-07-19,0.0209
2020-07-20,0.0206
2020-07-21,0.0203
2020-07-22,0.0201
2020-07-23,0.0198
2020-07-24,0.0195
2020-07-25,0.0192
2020-07-26,0.019
2020-07-27,0.0187
2020-07-28,0.0184
2020-07-29,0.0181
2020-07-30,0.0179
2020-07-31,0.0176
2020-08-01,0.0173
2020-08-02,0.017
2020-08-03,0.0167
2020-08-04,0.0165
2020-08-05,0.0162
2020-08-06,0.0159
2020-08-07,0.0156
2020-08-08,0.0154
2020-08-09,0.0151
2020-08-10,0.0148
2020-08-11,0.0145
2020-08-12,0.0143
2020-08-13,0.014
2020-08-14,0.0137
2020-08-15,0.0134
2020-08-16,0.0131
2020-08-17,0.0129
2020-08-18,0.0126
2020-08-19,0.0123
2020-08-20,0.012
2020-08-21,0.0118
2020-08-22,0.0115
2020-08-23,0.0112
2020-08-24,0.0109
2020-08-25,0.0107
2020-08-26,0.0098
2020-08-27,0.0096
2020-08-28,0.0094
2020-08-29,0.0095
2020-08-30,0.0085
2020-08-31,0.0174
2020-09-01,0.0189
2020-09-02,0.0194
2020-09-03,0.0199
2020-09-04,0.0158
2020-09-05,0.0117
2020-09-06,0.0097
2020-09-07,0.009
2020-09-08,0.0088
2020-09-09,0.0088
2020-09-10,0.0111
2020-09-11,0.0098
2020-09-12,0.0093
2020-09-13,0.0093
2020-09-14,0.0089
2020-09-15,0.0077
2020-09-16,0.0077
2020-09-17,0.0164
2020-09-18,0.0123
2020-09-19,0.0083
2020-09-20,0.0074
2020-09-21,0.0069
2020-09-22,0.007
2020-09-23,0.0069
2020-09-24,0.0068
2020-09-25,0.0155
2020-09-26,0.0127
2020-09-27,0.0087
2020-09-28,0.0086
2020-09-29,0.0153
2020-09-30,0.018
2020-10-01,0.0092
2020-10-02,0.0072
2020-10-03,0.0065
2020-10-04,0.0063
2020-10-05,0.0063
2020-10-06,0.0061
2020-10-07,0.0063
2020-10-08,0.006
2020-10-09,0.0055
2020-10-10,0.0068
2020-10-11,0.0138
2020-10-12,0.0133
2020-10-13,0.0096
2020-10-14,0.0079
2020-10-15,0.0071
2020-10-16,0.0069
2020-10-17,0.0064
2020-10-18,0.0062
2020-10-19,0.0064
2020-10-20,0.0066
2020-10-21,0.0066
2020-10-22,0.0065
2020-10-23,0.0064
2020-10-24,0.0065
2020-10-25,0.0127
2020-10-26,0.0083
2020-10-27,0.0076
2020-10-28,0.0072
2020-10-29,0.0511
2020-10-30,0.03
2020-10-31,0.0181
2020-11-01,0.0205
2020-11-02,0.0209
2020-11-03,0.0173
2020-11-04,0.0149
2020-11-05,0.0133
2020-11-06,0.0119
2020-11-07,0.0105
2020-11-08,0.0096
2020-11-09,0.009
2020-11-10,0.0094
2020-11-11,0.0596
2020-11-12,0.1752
2020-11-13,0.1558
2020-11-14,0.1374
2020-11-15,0.1317
2020-11-16,0.1275
2020-11-17,0.126
2020-11-18,0.1251
2020-11-19,0.1185
2020-11-20,0.1101
2020-11-21,0.0977
2020-11-22,0.0811
2020-11-23,0.0696
2020-11-24,0.058
2020-11-25,0.0486
2020-11-26,0.0436
2020-11-27,0.04
2020-11-28,0.0371
2020-11-29,0.0342
2020-11-30,0.0643
2020-12-01,0.0652
2020-12-02,0.0537
2020-12-03,0.0467
2020-12-04,0.0433
2020-12-05,0.093
2020-12-06,0.0874
2020-12-07,0.0808
2020-12-08,0.0744
2020-12-09,0.0657
2020-12-10,0.0576
2020-12-11,0.0508
2020-12-12,0.0467
2020-12-13,0.0441
2020-12-14,0.0659
2020-12-15,0.0772
2020-12-16,0.0772
2020-12-17,0.0866
2020-12-18,0.0828
2020-12-19,0.0756
2020-12-20,0.0684
2020-12-21,0.0626
2020-12-22,0.0549
2020-12-23,0.0486
2020-12-24,0.0445
2020-12-25,0.0859
2020-12-26,0.0845
2020-12-27,0.0697
2020-12-28,0.0478
2020-12-29,0.0471
2020-12-30,0.0428
2020-12-31,0.0343